ID_Cliente,Nome,Idade,Gênero,Cidade
1,Giovanna Peixoto,44,Feminino,Curitiba
2,Ana Vitória Mendes,48,Masculino,Rio de Janeiro
3,Breno Silveira,35,Feminino,São Paulo
4,Caio Pereira,38,Outro,São Paulo
5,Francisco Dias,60,Feminino,Rio de Janeiro
6,João Pedro Duarte,29,Masculino,
7,Ana Júlia Melo,50,Feminino,São Paulo
8,Cauê Gonçalves,32,Outro,Rio de Janeiro
9,Srta. Pietra Moreira,27,Outro,São Paulo
10,Beatriz Almeida,41,Feminino,Curitiba
11,Amanda Costa,41,Feminino,
12,Elisa Lima,20,Feminino,
13,Vitor Aragão,35,Outro,
14,Davi Lucca Duarte,65,Outro,São Paulo
15,Rodrigo Correia,55,Outro,Rio de Janeiro
16,Maria Julia Moraes,32,Outro,São Paulo
17,Juliana Nascimento,51,Outro,Curitiba
18,Sr. Pietro Moraes,62,Outro,Porto Alegre
19,Sabrina Araújo,36,Masculino,Porto Alegre
20,Srta. Sabrina Rezende,26,Masculino,Rio de Janeiro
21,Raquel Moreira,62,Feminino,São Paulo
22,Gustavo Henrique Aragão,45,Outro,Rio de Janeiro
23,Maria Sophia Lopes,66,Masculino,Salvador
24,Rafael Fogaça,52,Masculino,Salvador
25,Yago Barbosa,36,Masculino,
26,Mirella da Mata,53,Feminino,São Paulo
27,Ana Laura Melo,70,Outro,Rio de Janeiro
28,Bernardo Dias,40,Feminino,Rio de Janeiro
29,Maria Sophia Moraes,46,Feminino,São Paulo
30,Luiz Miguel Santos,32,Feminino,Curitiba
31,Bernardo Novaes,69,Outro,Curitiba
32,Thomas Porto,47,Feminino,Salvador
33,Cecília Barbosa,21,Masculino,
34,Ana Julia Moraes,67,Feminino,Salvador
35,Maria Julia Campos,40,Outro,Curitiba
36,Milena Alves,24,Outro,São Paulo
37,Dra. Evelyn Rocha,42,Feminino,
38,Vinicius da Conceição,66,Masculino,
39,Larissa Caldeira,32,Masculino,Porto Alegre
40,Julia Jesus,54,Feminino,São Paulo
41,Maria Eduarda Alves,62,Feminino,Salvador
42,Sra. Luna Azevedo,22,Outro,Curitiba
43,Maria Julia Freitas,51,Outro,Salvador
44,Camila Castro,43,Feminino,Curitiba
45,Sarah Fogaça,29,Outro,Rio de Janeiro
46,Caroline Rocha,55,Masculino,Salvador
47,Nina Pinto,39,Masculino,Salvador
48,Diogo Pinto,44,Feminino,Rio de Janeiro
49,Maria Cecília Melo,36,Masculino,Curitiba
50,Gabrielly Rezende,28,Masculino,Rio de Janeiro
51,Davi Lucca Freitas,20,Masculino,Porto Alegre
52,Juliana da Luz,32,Feminino,Porto Alegre
53,Lívia Souza,39,Outro,Rio de Janeiro
54,Cauã da Paz,60,Feminino,
55,Srta. Clara Martins,18,Masculino,Curitiba
56,Evelyn Nunes,45,Masculino,Salvador
57,Bárbara da Mota,58,Outro,Rio de Janeiro
58,Yago Castro,62,Masculino,
59,Sabrina Rezende,38,Outro,São Paulo
60,Dr. Nathan Teixeira,23,Masculino,
61,Pedro Miguel Jesus,51,Feminino,Porto Alegre
62,Dr. Paulo Caldeira,48,Masculino,Porto Alegre
63,Vitória da Costa,63,Outro,São Paulo
64,Gabriel Nascimento,29,Feminino,Porto Alegre
65,Clara Freitas,57,Outro,São Paulo
66,Dr. Samuel Nunes,28,Masculino,Rio de Janeiro
67,Luiz Miguel Moraes,31,Feminino,Curitiba
68,Bryan Lima,34,Masculino,São Paulo
69,Lívia Costa,21,Feminino,Rio de Janeiro
70,Emanuel Cunha,65,Outro,Salvador
71,Dra. Yasmin Mendes,28,Masculino,São Paulo
72,Gabriela Aragão,59,Masculino,Porto Alegre
73,Natália Gonçalves,26,Masculino,Salvador
74,Arthur Rodrigues,65,Feminino,Rio de Janeiro
75,Danilo Peixoto,44,Outro,São Paulo
76,Diogo Moraes,58,Outro,Porto Alegre
77,Davi Lucca Castro,67,Feminino,São Paulo
78,Davi Gonçalves,33,Outro,São Paulo
79,Vitória Ramos,64,Outro,Curitiba
80,Luiz Gustavo das Neves,49,Masculino,Porto Alegre
81,Agatha Moura,40,Masculino,Curitiba
82,Isabella Farias,68,Outro,
83,Sophia Souza,58,Masculino,Salvador
84,Sofia Melo,34,Feminino,Rio de Janeiro
85,Isaac Dias,65,Outro,São Paulo
86,Agatha Nogueira,49,Outro,Rio de Janeiro
87,Ana Julia da Conceição,66,Feminino,São Paulo
88,Maria Alice Monteiro,28,Feminino,Rio de Janeiro
89,Antônio Azevedo,57,Masculino,
90,Lorena da Rosa,30,Masculino,
91,Sra. Brenda da Conceição,18,Feminino,Rio de Janeiro
92,Benjamin Souza,22,Outro,Porto Alegre
93,Isabel Freitas,25,Feminino,Salvador
94,Emanuella Pires,41,Feminino,Porto Alegre
95,Diego Fogaça,36,Outro,Curitiba
96,Felipe Ferreira,22,Masculino,Salvador
97,Alexia Nascimento,34,Feminino,Porto Alegre
98,Maria Luiza Rocha,34,Masculino,Rio de Janeiro
99,Diego Lima,50,Outro,Curitiba
100,Kamilly Duarte,27,Feminino,São Paulo
101,Diego Ribeiro,43,Outro,São Paulo
102,Milena Costela,38,Outro,Curitiba
103,Cauã Rodrigues,38,Masculino,Rio de Janeiro
104,Isadora Pires,37,Masculino,Rio de Janeiro
105,Yuri Martins,27,Feminino,Rio de Janeiro
106,Sophia Teixeira,63,Masculino,Curitiba
107,Diego Correia,22,Masculino,Porto Alegre
108,João Miguel das Neves,63,Masculino,Rio de Janeiro
109,Ana Beatriz Viana,26,Outro,São Paulo
110,Cauê Costa,31,Outro,São Paulo
111,Luiz Henrique Fernandes,31,Outro,
112,Kevin Mendes,63,Outro,São Paulo
113,Alice Costela,60,Masculino,Curitiba
114,Ana Monteiro,38,Feminino,Curitiba
115,Breno Farias,64,Feminino,Curitiba
116,Noah Carvalho,70,Feminino,Porto Alegre
117,Nathan Farias,28,Feminino,Rio de Janeiro
118,Marcos Vinicius Nunes,29,Masculino,Porto Alegre
119,Sr. Luiz Gustavo da Cunha,34,Masculino,Salvador
120,Srta. Clarice Barbosa,56,Masculino,São Paulo
121,Maria Cecília Moraes,27,Feminino,São Paulo
122,André Freitas,22,Feminino,São Paulo
123,Raquel Aragão,50,Feminino,Curitiba
124,Isis da Costa,68,Masculino,Curitiba
125,Juan da Paz,19,Outro,Porto Alegre
126,Maria da Costa,55,Feminino,São Paulo
127,Catarina Teixeira,27,Masculino,Rio de Janeiro
128,Francisco Silveira,21,Outro,Salvador
129,Benjamin da Conceição,19,Masculino,Rio de Janeiro
130,Dra. Larissa da Conceição,52,Feminino,Curitiba
131,Breno Campos,43,Outro,Salvador
132,Matheus Lopes,60,Feminino,Curitiba
133,Pedro Miguel Dias,62,Masculino,São Paulo
134,Davi Lucas Ribeiro,41,Outro,Porto Alegre
135,João Gabriel Rodrigues,52,Masculino,
136,Luiz Otávio Melo,50,Masculino,Salvador
137,Maria Clara Fernandes,50,Feminino,São Paulo
138,Lucas Gabriel Alves,22,Outro,São Paulo
139,Ana Luiza da Cunha,36,Masculino,Salvador
140,Bryan Lopes,44,Masculino,Salvador
141,Joana da Cruz,54,Masculino,Porto Alegre
142,Marina Ramos,46,Feminino,Porto Alegre
143,Sr. João Miguel Gomes,62,Masculino,Rio de Janeiro
144,João Gabriel Fernandes,47,Feminino,Rio de Janeiro
145,Sr. Gustavo Castro,40,Feminino,Porto Alegre
146,Sr. Leandro Fernandes,56,Feminino,São Paulo
147,Larissa da Paz,42,Feminino,Porto Alegre
148,Marcos Vinicius da Cunha,29,Feminino,São Paulo
149,Thales Carvalho,22,Outro,São Paulo
150,Dra. Natália Vieira,25,Feminino,Porto Alegre
151,Yago Cardoso,26,Masculino,São Paulo
152,Letícia Gomes,44,Masculino,Porto Alegre
153,Dra. Eloah Farias,50,Feminino,Curitiba
154,Leonardo Almeida,29,Outro,Salvador
155,Evelyn Carvalho,30,Masculino,São Paulo
156,Sophia Moura,59,Outro,São Paulo
157,Bernardo Farias,64,Feminino,Porto Alegre
158,Enzo Gabriel da Cruz,47,Masculino,São Paulo
159,Srta. Ana Júlia Cunha,20,Outro,Curitiba
160,João Castro,51,Outro,Curitiba
161,Bruna Carvalho,31,Feminino,Salvador
162,Mirella Cavalcanti,60,Feminino,Salvador
163,Lavínia Oliveira,21,Feminino,São Paulo
164,Lucas Gabriel Correia,33,Outro,Salvador
165,Dr. Marcelo Freitas,37,Outro,Salvador
166,Sr. Antônio da Cruz,67,Masculino,São Paulo
167,Erick Viana,31,Masculino,São Paulo
168,Ana Clara Ramos,27,Masculino,Rio de Janeiro
169,Ana Júlia Monteiro,68,Feminino,Curitiba
170,Stephany Pinto,45,Feminino,Curitiba
171,Calebe Rodrigues,59,Feminino,Salvador
172,Luiz Fernando da Mata,44,Feminino,Porto Alegre
173,Davi Alves,55,Outro,Curitiba
174,Diego Peixoto,53,Masculino,Curitiba
175,Sr. Enzo Santos,20,Masculino,Curitiba
176,João Felipe Ferreira,48,Feminino,São Paulo
177,Júlia Fogaça,45,Outro,Salvador
178,Bianca Costela,42,Feminino,Curitiba
179,Ana Beatriz Pereira,43,Feminino,Porto Alegre
180,Srta. Evelyn Santos,20,Masculino,Salvador
181,Ana Laura Melo,70,Masculino,Salvador
182,Fernando das Neves,57,Feminino,Salvador
183,Yasmin Cardoso,61,Outro,Rio de Janeiro
184,Ana Clara Monteiro,23,Outro,São Paulo
185,Bianca Rezende,44,Feminino,Salvador
186,Sr. Benjamin Costa,22,Outro,Salvador
187,Felipe Cunha,61,Outro,São Paulo
188,Lucas Sales,64,Masculino,Salvador
189,Lucas das Neves,30,Feminino,São Paulo
190,Igor Nascimento,64,Outro,Porto Alegre
191,Bernardo Castro,46,Outro,Rio de Janeiro
192,Sra. Emilly das Neves,35,Feminino,São Paulo
193,Pedro Cunha,37,Masculino,Rio de Janeiro
194,Sophia da Rocha,55,Outro,Salvador
195,Thales Melo,40,Feminino,São Paulo
196,Sra. Camila Mendes,51,Feminino,Salvador
197,Alexia Nogueira,51,Outro,
198,Rafaela Alves,20,Feminino,Curitiba
199,Juan Nunes,34,Masculino,Salvador
200,Luiz Gustavo Alves,58,Outro,Salvador
201,Ana Clara Moura,22,Outro,Porto Alegre
202,Brenda Dias,37,Feminino,Rio de Janeiro
203,Theo Porto,60,Masculino,Salvador
204,Dr. Gustavo Henrique Sales,56,Feminino,Porto Alegre
205,Arthur Carvalho,44,Outro,Porto Alegre
206,Thomas da Conceição,57,Feminino,Porto Alegre
207,Dr. Theo Gonçalves,37,Feminino,São Paulo
208,Yasmin Carvalho,62,Outro,Salvador
209,Leandro Moura,47,Feminino,São Paulo
210,Dra. Clarice Cunha,21,Feminino,Curitiba
211,Leonardo da Cruz,63,Masculino,Salvador
212,Pietra Peixoto,50,Masculino,Curitiba
213,Valentina Rocha,59,Masculino,São Paulo
214,Ana Carolina Rocha,39,Masculino,Rio de Janeiro
215,Dr. Thomas Cardoso,65,Outro,Salvador
216,Ian Gonçalves,18,Feminino,Rio de Janeiro
217,Evelyn Peixoto,22,Masculino,Curitiba
218,Ana Vitória Peixoto,38,Outro,Salvador
219,João Guilherme Lopes,35,Outro,Salvador
220,Noah Aragão,64,Feminino,Porto Alegre
221,Miguel Moura,34,Masculino,São Paulo
222,Melissa Sales,47,Feminino,
223,Mirella Pinto,44,Outro,Porto Alegre
224,Milena Ribeiro,63,Feminino,Salvador
225,Dr. Emanuel Fernandes,24,Masculino,Curitiba
226,Mariana Fogaça,43,Feminino,São Paulo
227,Isadora Alves,30,Feminino,Salvador
228,Isaac Silva,31,Feminino,Salvador
229,Kamilly da Cunha,52,Masculino,Porto Alegre
230,Juan Pires,18,Masculino,Salvador
231,Daniel Castro,48,Masculino,Rio de Janeiro
232,Diogo da Cruz,20,Feminino,Rio de Janeiro
233,Raquel Freitas,18,Outro,Rio de Janeiro
234,Clara Oliveira,61,Masculino,Salvador
235,Otávio Souza,58,Masculino,Porto Alegre
236,Dra. Ana Julia Mendes,20,Feminino,Curitiba
237,Thales da Costa,52,Masculino,Rio de Janeiro
238,Marcelo Lopes,20,Masculino,
239,Maria Eduarda Rezende,69,Masculino,Rio de Janeiro
240,Dr. Luiz Fernando Silva,32,Outro,Rio de Janeiro
241,Larissa Novaes,58,Outro,Rio de Janeiro
242,Yasmin Martins,41,Outro,Curitiba
243,Vitor Hugo Cunha,49,Outro,Curitiba
244,Mariana Cardoso,48,Masculino,São Paulo
245,Marcelo Ferreira,30,Feminino,Porto Alegre
246,Noah Freitas,38,Feminino,Salvador
247,Dra. Milena da Luz,43,Outro,São Paulo
248,Gustavo Henrique Pinto,18,Outro,Porto Alegre
249,Maria Eduarda Castro,57,Outro,
250,Davi Ribeiro,53,Outro,Rio de Janeiro
251,Lorena Caldeira,52,Masculino,São Paulo
252,Dra. Ana Júlia Costa,35,Masculino,Curitiba
253,Marcela Cunha,51,Outro,Porto Alegre
254,Isabella Cardoso,27,Masculino,Porto Alegre
255,Francisco Ramos,70,Outro,São Paulo
256,Cecília Silveira,60,Outro,Rio de Janeiro
257,Sr. João Gabriel Campos,33,Outro,São Paulo
258,Sra. Helena Sales,61,Masculino,Rio de Janeiro
259,Thales da Conceição,24,Feminino,Porto Alegre
260,Emanuelly Barros,18,Outro,São Paulo
261,Pedro Nogueira,30,Feminino,Salvador
262,Levi Vieira,53,Masculino,Curitiba
263,Leonardo Cavalcanti,48,Outro,Rio de Janeiro
264,Dr. Carlos Eduardo Barbosa,69,Feminino,Curitiba
265,Gustavo Almeida,23,Outro,Porto Alegre
266,Maria Cecília Gonçalves,42,Outro,Porto Alegre
267,Laura Cardoso,54,Feminino,São Paulo
268,Dra. Sophia da Paz,52,Masculino,Rio de Janeiro
269,Gustavo Barbosa,49,Outro,São Paulo
270,Marcos Vinicius Almeida,33,Outro,Salvador
271,Pietra Monteiro,35,Masculino,São Paulo
272,Thomas Martins,63,Masculino,Curitiba
273,Dr. Marcos Vinicius Novaes,57,Outro,Curitiba
274,Isabella Cardoso,48,Feminino,Salvador
275,Srta. Kamilly Melo,19,Outro,São Paulo
276,Srta. Bianca Nunes,26,Masculino,Porto Alegre
277,Emanuelly Moraes,70,Feminino,Porto Alegre
278,Marcelo Pereira,46,Feminino,Salvador
279,Valentina Rodrigues,40,Masculino,
280,Breno Nogueira,52,Feminino,Rio de Janeiro
281,Srta. Laura Freitas,40,Feminino,Curitiba
282,Isabelly Cavalcanti,57,Masculino,
283,Alexia Campos,68,Masculino,Curitiba
284,Srta. Ana da Rocha,43,Feminino,Porto Alegre
285,Clarice da Conceição,29,Masculino,Curitiba
286,Luigi da Luz,63,Masculino,Rio de Janeiro
287,Dr. Henrique Gomes,39,Feminino,Porto Alegre
288,Beatriz Vieira,46,Outro,
289,Yago Costela,44,Outro,Salvador
290,Gabriel Novaes,19,Outro,Salvador
291,Lucas Melo,55,Masculino,
292,Laura Pires,41,Masculino,Salvador
293,Dra. Esther Pinto,60,Outro,Curitiba
294,Elisa Pereira,44,Outro,Rio de Janeiro
295,Lucas Gabriel Rezende,26,Masculino,Porto Alegre
296,Amanda Santos,61,Feminino,São Paulo
297,Renan Souza,31,Feminino,Curitiba
298,Maria Clara Nogueira,70,Masculino,São Paulo
299,Dr. Luiz Henrique Fogaça,66,Feminino,São Paulo
300,Lucca Rocha,22,Outro,Rio de Janeiro
301,Clarice Silveira,37,Outro,Salvador
302,Larissa Martins,22,Feminino,Rio de Janeiro
303,Leonardo Moura,60,Outro,Rio de Janeiro
304,Luiz Miguel Silveira,49,Masculino,Salvador
305,Renan Barbosa,50,Feminino,Salvador
306,Alícia Dias,63,Masculino,São Paulo
307,Sra. Cecília Castro,48,Masculino,Rio de Janeiro
308,Breno Sales,52,Outro,Curitiba
309,Isaac Peixoto,48,Masculino,Curitiba
310,Ana Sophia Fogaça,24,Feminino,Curitiba
311,Renan Ribeiro,26,Outro,São Paulo
312,Maria Sophia Costela,47,Outro,São Paulo
313,Dr. Levi Araújo,20,Outro,Porto Alegre
314,Enrico Souza,44,Outro,Salvador
315,Dr. Augusto Fogaça,58,Feminino,Salvador
316,Elisa da Mata,32,Masculino,Salvador
317,Lucas Pires,63,Feminino,Curitiba
318,Vitor Gabriel Pereira,25,Feminino,São Paulo
319,Sra. Eloah Aragão,46,Feminino,Porto Alegre
320,Arthur da Cunha,31,Outro,Porto Alegre
321,Sr. Joaquim Viana,57,Feminino,Curitiba
322,Srta. Caroline Novaes,29,Masculino,Curitiba
323,Vicente Freitas,65,Outro,São Paulo
324,Carlos Eduardo Cardoso,65,Feminino,Salvador
325,Miguel Peixoto,35,Feminino,São Paulo
326,Ana Julia Castro,57,Feminino,Porto Alegre
327,Isaac Cunha,29,Feminino,Rio de Janeiro
328,Natália Araújo,43,Feminino,São Paulo
329,Bernardo Barbosa,21,Masculino,Curitiba
330,Marcelo Pereira,63,Masculino,Porto Alegre
331,Thiago Lopes,42,Feminino,Curitiba
332,Daniela Freitas,63,Masculino,Porto Alegre
333,Juliana Rodrigues,20,Feminino,Porto Alegre
334,Dra. Maria Cecília Sales,49,Feminino,Porto Alegre
335,Isabella Gomes,24,Masculino,São Paulo
336,Yasmin Pires,37,Outro,Porto Alegre
337,Luiz Henrique Moura,26,Feminino,Salvador
338,Dra. Maitê Silva,45,Masculino,Curitiba
339,Beatriz Gonçalves,18,Outro,Porto Alegre
340,Gustavo Henrique da Cruz,59,Outro,Salvador
341,Sophie da Mata,64,Feminino,Porto Alegre
342,Ana Laura Rocha,29,Feminino,Porto Alegre
343,Caio Carvalho,50,Feminino,Porto Alegre
344,Theo Novaes,20,Outro,Salvador
345,Milena Cunha,53,Masculino,Salvador
346,Pietra Melo,41,Outro,São Paulo
347,Vinicius Carvalho,20,Feminino,São Paulo
348,Alice Sales,62,Masculino,Porto Alegre
349,Dra. Emanuella da Mata,34,Feminino,Curitiba
350,Ana Beatriz Moraes,39,Feminino,Curitiba
351,Pedro Henrique Costela,30,Masculino,Rio de Janeiro
352,Sr. Ian Carvalho,65,Feminino,Curitiba
353,Catarina Vieira,52,Outro,Salvador
354,Sr. Anthony Farias,32,Masculino,São Paulo
355,Maria Sophia da Costa,41,Feminino,Rio de Janeiro
356,Isis Moreira,29,Feminino,São Paulo
357,Ana Lívia Jesus,61,Masculino,Porto Alegre
358,Lara da Luz,64,Outro,Rio de Janeiro
359,João Vitor Viana,57,Feminino,Porto Alegre
360,Sr. Augusto Lopes,56,Outro,Porto Alegre
361,Daniela Lima,31,Outro,Rio de Janeiro
362,Dra. Maria Cecília Sales,28,Masculino,Rio de Janeiro
363,Maria Clara Gonçalves,27,Masculino,Porto Alegre
364,Laís da Rosa,58,Outro,Curitiba
365,Dra. Ana Vitória da Paz,40,Outro,Curitiba
366,Gabriel Correia,67,Masculino,Curitiba
367,Pedro Henrique Pires,56,Feminino,Rio de Janeiro
368,Sra. Giovanna Gomes,19,Outro,Curitiba
369,Renan Gomes,27,Feminino,Salvador
370,Ana Sophia Pereira,43,Feminino,Porto Alegre
371,Maria Castro,19,Feminino,Porto Alegre
372,Lorenzo Aragão,59,Feminino,Rio de Janeiro
373,Marcela Ramos,22,Outro,Curitiba
374,Lívia Pereira,28,Outro,Salvador
375,Luiz Otávio Ferreira,31,Feminino,Curitiba
376,Matheus Santos,18,Masculino,Porto Alegre
377,Luiza Pereira,68,Outro,Curitiba
378,Dr. Diego Silveira,49,Masculino,Rio de Janeiro
379,Giovanna Santos,38,Feminino,Porto Alegre
380,Melissa Porto,26,Masculino,Rio de Janeiro
381,Breno Viana,54,Masculino,São Paulo
382,Pedro Henrique Moraes,50,Outro,Curitiba
383,Nina Rodrigues,36,Outro,
384,Isis Dias,43,Feminino,Salvador
385,Emilly Santos,54,Feminino,Rio de Janeiro
386,Sra. Sabrina Ferreira,65,Feminino,São Paulo
387,Rafael da Luz,57,Masculino,Salvador
388,Maria Luiza Gonçalves,38,Masculino,Porto Alegre
389,Lucas Gabriel Lopes,38,Outro,Porto Alegre
390,Marcela Teixeira,50,Feminino,Curitiba
391,Isabelly Monteiro,57,Masculino,Curitiba
392,Fernando da Mota,64,Outro,Salvador
393,Sra. Ana Luiza Souza,69,Masculino,Curitiba
394,Emanuelly Moura,31,Outro,Curitiba
395,Srta. Ana Julia Silva,31,Feminino,Rio de Janeiro
396,Lucas Monteiro,25,Feminino,Porto Alegre
397,Luana Moraes,21,Feminino,Curitiba
398,Amanda Gonçalves,48,Masculino,Porto Alegre
399,Theo Duarte,23,Outro,Salvador
400,Manuela Peixoto,27,Masculino,Porto Alegre
401,Breno Rocha,61,Masculino,Curitiba
402,Thales das Neves,37,Outro,São Paulo
403,Sra. Rebeca da Conceição,20,Outro,Porto Alegre
404,Eduardo Oliveira,39,Feminino,São Paulo
405,Dr. Theo Rezende,29,Outro,Rio de Janeiro
406,Maitê Gomes,39,Outro,Porto Alegre
407,Yago Almeida,55,Outro,Curitiba
408,Dra. Letícia Gomes,52,Outro,Salvador
409,Rodrigo Jesus,47,Outro,Salvador
410,Dr. Vitor Gabriel Silveira,50,Masculino,Curitiba
411,Diego Carvalho,30,Feminino,Rio de Janeiro
412,Benício Moraes,37,Masculino,Curitiba
413,Dra. Isadora Jesus,35,Outro,Salvador
414,Samuel da Cunha,65,Feminino,Salvador
415,Lívia Campos,45,Outro,Porto Alegre
416,Sr. Yuri Teixeira,64,Masculino,Rio de Janeiro
417,Heloísa da Mota,18,Feminino,Curitiba
418,Fernando Ribeiro,70,Masculino,Porto Alegre
419,Enzo Gabriel Ferreira,60,Masculino,Salvador
420,Breno Souza,28,Masculino,São Paulo
421,Rodrigo Melo,37,Masculino,Curitiba
422,Ana Júlia Nunes,34,Masculino,São Paulo
423,Alexandre da Cruz,28,Feminino,Salvador
424,Mariana Gonçalves,63,Feminino,Salvador
425,Dra. Maitê Melo,33,Outro,Salvador
426,Joana da Luz,28,Outro,Salvador
427,Lorena Castro,23,Outro,São Paulo
428,Benjamin Moura,34,Masculino,Porto Alegre
429,Juliana Moraes,28,Feminino,São Paulo
430,Diogo Lima,26,Feminino,Rio de Janeiro
431,Gustavo Fernandes,56,Outro,Rio de Janeiro
432,Marcela Melo,69,Masculino,Porto Alegre
433,Gabriela Moraes,60,Feminino,Porto Alegre
434,Ana Beatriz Barros,68,Feminino,São Paulo
435,Yuri Cavalcanti,40,Feminino,Salvador
436,Eduarda Gonçalves,23,Outro,Rio de Janeiro
437,Luiz Fernando Ramos,51,Outro,São Paulo
438,Henrique da Conceição,18,Feminino,Porto Alegre
439,Enzo da Paz,43,Outro,Curitiba
440,Sra. Maria Cecília Souza,65,Outro,São Paulo
441,Dr. Luigi Mendes,54,Feminino,Porto Alegre
442,Maitê Sales,55,Outro,Rio de Janeiro
443,Kamilly Melo,55,Outro,São Paulo
444,Lorenzo Campos,26,Outro,Curitiba
445,Nathan Araújo,68,Outro,Porto Alegre
446,Nina Jesus,45,Outro,Salvador
447,Bernardo Duarte,18,Outro,Curitiba
448,Srta. Ana Luiza Carvalho,27,Feminino,Salvador
449,Miguel Melo,46,Outro,Porto Alegre
450,André Novaes,27,Feminino,Rio de Janeiro
451,Otávio da Mata,56,Masculino,
452,Benício Nascimento,45,Outro,Rio de Janeiro
453,Lucas Gabriel Mendes,47,Outro,
454,Sr. Luiz Fernando Duarte,22,Masculino,Rio de Janeiro
455,Ana Carolina Rodrigues,62,Outro,Curitiba
456,Ana Luiza Moreira,49,Masculino,São Paulo
457,Pietro Cunha,64,Masculino,Salvador
458,Maria Alves,31,Masculino,Curitiba
459,João Miguel Ferreira,44,Feminino,Rio de Janeiro
460,Pedro Pires,26,Masculino,Rio de Janeiro
461,Marina Fernandes,68,Masculino,Curitiba
462,Dra. Maria Luiza Costela,57,Masculino,
463,Bruna Ferreira,43,Masculino,São Paulo
464,Brenda Ferreira,42,Outro,Salvador
465,Sr. Luiz Gustavo Nogueira,62,Feminino,Salvador
466,Lucca Nunes,64,Outro,Rio de Janeiro
467,Clara da Paz,52,Outro,Curitiba
468,Carolina Porto,43,Masculino,São Paulo
469,Nathan Freitas,68,Feminino,Rio de Janeiro
470,Bianca da Costa,19,Outro,Curitiba
471,Lucas Gabriel Costa,31,Feminino,
472,Ryan Freitas,58,Outro,Salvador
473,Rafaela Cardoso,64,Feminino,São Paulo
474,Francisco Oliveira,54,Outro,Salvador
475,Sr. Ryan da Mata,45,Outro,Curitiba
476,Dra. Joana da Paz,38,Feminino,Curitiba
477,Caio Duarte,66,Masculino,Porto Alegre
478,Srta. Isabella da Costa,49,Outro,Curitiba
479,Emanuelly Rodrigues,30,Outro,Curitiba
480,Ryan Farias,43,Feminino,Rio de Janeiro
481,Pedro Henrique Ferreira,52,Masculino,Salvador
482,Vitor Gabriel Barbosa,55,Feminino,Salvador
483,Sr. João Pedro Oliveira,61,Feminino,Porto Alegre
484,Lucca Fogaça,22,Outro,Salvador
485,Gabrielly da Cunha,23,Outro,
486,Emanuel Rodrigues,53,Outro,Curitiba
487,Gustavo Barros,29,Feminino,São Paulo
488,Ryan Ramos,49,Feminino,Porto Alegre
489,Dr. Leonardo Martins,59,Outro,Rio de Janeiro
490,Yago Alves,18,Masculino,São Paulo
491,Davi Farias,32,Masculino,Rio de Janeiro
492,Mariana Aragão,51,Masculino,Curitiba
493,Otávio Martins,58,Feminino,Porto Alegre
494,Bernardo Jesus,32,Outro,Curitiba
495,Emanuelly Pires,18,Feminino,Porto Alegre
496,Vicente Alves,40,Feminino,Porto Alegre
497,Dr. Guilherme Azevedo,43,Masculino,São Paulo
498,Bryan Dias,28,Outro,São Paulo
499,Melissa Viana,40,Outro,Rio de Janeiro
500,Bruna Almeida,59,Feminino,Rio de Janeiro
501,Maria Fernandes,26,Feminino,Curitiba
502,Enzo Nascimento,20,Masculino,Curitiba
503,Srta. Carolina Rezende,42,Outro,Rio de Janeiro
504,Enzo Gabriel Araújo,19,Outro,Curitiba
505,Maria Sophia da Cruz,36,Outro,Porto Alegre
506,Ana Laura Araújo,39,Outro,Rio de Janeiro
507,Maria Eduarda Pereira,30,Feminino,Rio de Janeiro
508,Kevin das Neves,60,Feminino,Rio de Janeiro
509,Lara Farias,67,Outro,Porto Alegre
510,Natália Gomes,65,Outro,Salvador
511,Sra. Amanda Gomes,68,Feminino,Rio de Janeiro
512,Ana Lívia Mendes,49,Feminino,Porto Alegre
513,Bianca Gomes,39,Outro,
514,Renan Vieira,68,Masculino,Rio de Janeiro
515,Carlos Eduardo Barros,60,Feminino,Salvador
516,Ana Carolina Moura,20,Feminino,Rio de Janeiro
517,Luigi da Cunha,45,Feminino,
518,Gabriela Cardoso,64,Masculino,Salvador
519,Sabrina da Paz,51,Outro,São Paulo
520,Marcelo Silva,62,Outro,São Paulo
521,Noah Costa,69,Outro,Rio de Janeiro
522,Ana Luiza Cunha,47,Outro,São Paulo
523,Sr. Erick Costela,29,Outro,Rio de Janeiro
524,Agatha Jesus,52,Outro,Salvador
525,Eduardo da Luz,53,Outro,Porto Alegre
526,Danilo Ferreira,63,Feminino,
527,Daniel Teixeira,37,Masculino,São Paulo
528,Levi Sales,42,Masculino,Porto Alegre
529,Cauã Araújo,18,Feminino,Porto Alegre
530,Felipe Pires,48,Masculino,Porto Alegre
531,Alana Ferreira,44,Feminino,São Paulo
532,Sr. Renan Moraes,48,Feminino,Salvador
533,Srta. Isabel Lopes,67,Feminino,Curitiba
534,Igor Jesus,27,Masculino,Salvador
535,Sr. Davi das Neves,47,Outro,Salvador
536,Diego Correia,63,Outro,Curitiba
537,Rodrigo Costela,18,Masculino,Porto Alegre
538,Sra. Milena Viana,68,Masculino,Curitiba
539,Beatriz Peixoto,67,Masculino,Salvador
540,Gabriel da Rocha,34,Feminino,Curitiba
541,Catarina Farias,64,Masculino,Curitiba
542,Bárbara Barbosa,30,Feminino,Salvador
543,Valentina Costela,35,Feminino,Porto Alegre
544,Alexia Dias,30,Feminino,Rio de Janeiro
545,Isis Pires,62,Masculino,Porto Alegre
546,Dra. Cecília Teixeira,70,Feminino,Porto Alegre
547,André Aragão,64,Masculino,Curitiba
548,Dr. Murilo Oliveira,44,Outro,Porto Alegre
549,Juan Azevedo,45,Feminino,Salvador
550,Bryan Almeida,26,Masculino,Porto Alegre
551,Isabella Teixeira,43,Masculino,Porto Alegre
552,Letícia Almeida,35,Outro,Rio de Janeiro
553,Sra. Maitê Farias,28,Feminino,São Paulo
554,Luiz Fernando Costela,58,Masculino,
555,Gabriel Pires,23,Masculino,Curitiba
556,Maria Clara Aragão,30,Outro,Salvador
557,Lavínia Jesus,26,Outro,Curitiba
558,Igor da Cunha,32,Masculino,Rio de Janeiro
559,Levi Cunha,54,Outro,Porto Alegre
560,Enrico Peixoto,37,Feminino,Porto Alegre
561,Mirella Lima,68,Feminino,Curitiba
562,Emanuel Moreira,55,Masculino,Porto Alegre
563,Isadora da Cruz,46,Feminino,Rio de Janeiro
564,Davi Lucca Rodrigues,68,Outro,Porto Alegre
565,Lavínia Melo,40,Outro,Rio de Janeiro
566,Ana Julia Correia,58,Feminino,Rio de Janeiro
567,Augusto Rodrigues,30,Feminino,Curitiba
568,Pietra Freitas,29,Feminino,São Paulo
569,Brenda Ferreira,69,Feminino,Porto Alegre
570,Rodrigo Caldeira,36,Masculino,São Paulo
571,Amanda Moraes,51,Masculino,Curitiba
572,Luiz Otávio da Rosa,54,Masculino,Rio de Janeiro
573,Valentina Fogaça,57,Feminino,Curitiba
574,Maria Sophia Lima,21,Feminino,Rio de Janeiro
575,Sra. Sarah Ferreira,59,Feminino,Rio de Janeiro
576,Arthur Azevedo,26,Masculino,
577,Larissa Silva,28,Outro,Curitiba
578,Luna Castro,63,Outro,Salvador
579,Vinicius Cardoso,36,Masculino,Salvador
580,Pedro Miguel Almeida,65,Feminino,Curitiba
581,Melissa Campos,66,Masculino,Rio de Janeiro
582,Helena Moura,56,Feminino,Salvador
583,Vitor Moreira,61,Feminino,Curitiba
584,Marcela Mendes,50,Outro,Salvador
585,Dr. Samuel Nogueira,66,Masculino,Salvador
586,Cecília Silveira,43,Masculino,São Paulo
587,Sra. Luiza Cavalcanti,59,Outro,Rio de Janeiro
588,Stella Carvalho,19,Masculino,Porto Alegre
589,Eloah Araújo,36,Masculino,Porto Alegre
590,Laís Azevedo,37,Masculino,Curitiba
591,Nina Pires,19,Feminino,São Paulo
592,Melissa das Neves,66,Outro,Porto Alegre
593,Dra. Clarice Rocha,64,Masculino,Porto Alegre
594,Luiz Felipe Lopes,28,Masculino,Porto Alegre
595,Carolina Rocha,20,Feminino,Salvador
596,Guilherme Moraes,30,Outro,
597,Beatriz Cunha,59,Feminino,Rio de Janeiro
598,Lorenzo Silveira,41,Outro,São Paulo
599,Evelyn Rocha,31,Feminino,Porto Alegre
600,Luiz Gustavo Moura,21,Masculino,Rio de Janeiro
601,João Gabriel Mendes,69,Feminino,
602,Amanda Lima,40,Feminino,Curitiba
603,Maria Alice Moura,68,Outro,Rio de Janeiro
604,Sabrina da Cruz,49,Feminino,Curitiba
605,Dra. Sophia Dias,64,Outro,Porto Alegre
606,Rodrigo Vieira,24,Feminino,Rio de Janeiro
607,Bruna Fernandes,26,Feminino,Rio de Janeiro
608,Pietra Nascimento,67,Outro,Porto Alegre
609,Luiz Fernando Cardoso,46,Feminino,Porto Alegre
610,Heloísa da Rosa,18,Masculino,Salvador
611,Maria Luiza Novaes,50,Masculino,
612,Letícia Silveira,24,Masculino,Rio de Janeiro
613,Luiz Miguel da Mata,50,Feminino,São Paulo
614,Dr. Marcos Vinicius Fogaça,68,Feminino,Rio de Janeiro
615,Vinicius Pires,19,Outro,Curitiba
616,Milena Dias,67,Outro,Curitiba
617,Pedro Henrique da Conceição,56,Outro,Porto Alegre
618,Gabrielly Correia,28,Outro,Porto Alegre
619,Luna Ribeiro,42,Masculino,Salvador
620,Sra. Emanuella Ferreira,44,Masculino,Salvador
621,Srta. Maria Clara Nunes,62,Feminino,Curitiba
622,Pietro das Neves,45,Outro,Porto Alegre
623,Ana Luiza Rocha,45,Feminino,Curitiba
624,Dra. Sophie Barros,43,Feminino,Rio de Janeiro
625,Erick Nogueira,42,Feminino,Salvador
626,Letícia Barros,18,Outro,Rio de Janeiro
627,Dr. Juan Duarte,67,Outro,Porto Alegre
628,Pietro Silva,49,Masculino,Porto Alegre
629,Sr. Vicente Rodrigues,50,Outro,São Paulo
630,Ana Sophia Almeida,69,Masculino,Rio de Janeiro
631,Sra. Juliana Moreira,33,Outro,Rio de Janeiro
632,Luiz Gustavo Novaes,52,Outro,São Paulo
633,Melissa Araújo,39,Feminino,Curitiba
634,Ana Beatriz Barros,54,Outro,Salvador
635,Sr. Pedro Rocha,20,Feminino,Salvador
636,João Miguel das Neves,50,Outro,Porto Alegre
637,Daniela Porto,37,Outro,Rio de Janeiro
638,Thales Ramos,39,Feminino,Curitiba
639,Mariana Mendes,32,Outro,Porto Alegre
640,Ana Júlia Rezende,22,Masculino,Rio de Janeiro
641,Gabriela Caldeira,37,Feminino,Rio de Janeiro
642,Caroline Duarte,50,Feminino,Salvador
643,Alícia Fernandes,58,Outro,Salvador
644,Marcelo Gonçalves,52,Outro,Salvador
645,Daniela Rezende,33,Feminino,Rio de Janeiro
646,Lavínia Pinto,63,Masculino,Porto Alegre
647,Cecília Alves,48,Masculino,Rio de Janeiro
648,Leonardo Cavalcanti,68,Feminino,Porto Alegre
649,Theo Martins,53,Outro,Porto Alegre
650,Sophie da Costa,30,Masculino,São Paulo
651,Nathan Jesus,44,Feminino,Porto Alegre
652,Maysa Cardoso,32,Feminino,Salvador
653,Stephany da Luz,37,Masculino,Rio de Janeiro
654,Ian Fogaça,60,Masculino,Porto Alegre
655,Dr. Luiz Gustavo Teixeira,33,Feminino,São Paulo
656,Benjamin Duarte,51,Masculino,Porto Alegre
657,Alana Freitas,63,Outro,Porto Alegre
658,Dr. André Novaes,26,Outro,São Paulo
659,Lucas Nunes,37,Feminino,Rio de Janeiro
660,Vitor Ribeiro,50,Feminino,São Paulo
661,Marcelo Lopes,53,Outro,Curitiba
662,Dr. Juan Porto,42,Masculino,Curitiba
663,Maria Fernanda Rocha,27,Outro,São Paulo
664,Antônio Pinto,41,Masculino,São Paulo
665,Gabriel Melo,45,Outro,Rio de Janeiro
666,Vitor da Mota,64,Outro,Curitiba
667,Murilo Peixoto,48,Masculino,Porto Alegre
668,Olivia Caldeira,36,Masculino,Porto Alegre
669,Srta. Valentina Fogaça,29,Feminino,Porto Alegre
670,Renan Nascimento,63,Outro,Salvador
671,Leandro Alves,62,Outro,Porto Alegre
672,Mariane Ramos,70,Masculino,Porto Alegre
673,Vinicius Silva,55,Outro,Salvador
674,João Vitor Monteiro,33,Outro,Porto Alegre
675,Kamilly Barbosa,20,Outro,Rio de Janeiro
676,Valentina das Neves,37,Outro,Porto Alegre
677,João Gonçalves,48,Feminino,Salvador
678,André da Cunha,65,Outro,Curitiba
679,João Guilherme Ferreira,33,Outro,Salvador
680,Luiz Felipe Ramos,58,Outro,Salvador
681,Marcos Vinicius Aragão,64,Masculino,Curitiba
682,Nicole Costa,18,Outro,Rio de Janeiro
683,Isabella da Rosa,55,Outro,São Paulo
684,Melissa Cardoso,47,Outro,São Paulo
685,Eduarda Santos,64,Outro,Curitiba
686,Sr. Breno Pires,56,Outro,Salvador
687,Sra. Fernanda Caldeira,62,Outro,Rio de Janeiro
688,Matheus Araújo,53,Outro,São Paulo
689,Bernardo Moura,23,Feminino,São Paulo
690,Beatriz Ramos,18,Masculino,Porto Alegre
691,Anthony Araújo,29,Outro,Rio de Janeiro
692,Luiz Felipe Souza,37,Feminino,Curitiba
693,Maria Julia Ribeiro,46,Feminino,São Paulo
694,Nina Lima,50,Masculino,Rio de Janeiro
695,Juan Castro,37,Feminino,Rio de Janeiro
696,Dr. Erick Viana,61,Outro,São Paulo
697,Emanuel da Costa,60,Masculino,Porto Alegre
698,Dr. Noah Barbosa,60,Feminino,
699,Caio Teixeira,39,Outro,São Paulo
700,Natália Santos,21,Masculino,Rio de Janeiro
701,Sr. Lucas Porto,57,Outro,Curitiba
702,Pedro Lima,47,Outro,Rio de Janeiro
703,Sra. Amanda da Paz,28,Outro,Curitiba
704,Leonardo Ferreira,49,Outro,Porto Alegre
705,Isaac Rocha,59,Outro,Porto Alegre
706,Emilly Costela,70,Feminino,Porto Alegre
707,Luiz Felipe Rocha,40,Masculino,Curitiba
708,Sr. Kevin Azevedo,46,Feminino,Salvador
709,Dra. Lívia Carvalho,64,Feminino,Rio de Janeiro
710,João Guilherme Novaes,18,Masculino,Porto Alegre
711,Pedro da Conceição,52,Masculino,Rio de Janeiro
712,Ana Carolina Azevedo,21,Masculino,São Paulo
713,Sarah Lima,61,Outro,Porto Alegre
714,Luiz Gustavo Peixoto,27,Masculino,Curitiba
715,Lorena Pinto,25,Feminino,Curitiba
716,Sr. Augusto Cardoso,48,Masculino,Porto Alegre
717,Luna da Rocha,53,Feminino,Curitiba
718,Gabriela Rodrigues,64,Masculino,Porto Alegre
719,Mirella Cardoso,21,Feminino,Porto Alegre
720,Sr. Igor Costa,48,Outro,Salvador
721,Catarina da Paz,52,Outro,Salvador
722,Maysa Castro,44,Outro,
723,Kamilly Costela,35,Feminino,Rio de Janeiro
724,Clarice Carvalho,29,Feminino,Curitiba
725,Fernanda Carvalho,64,Masculino,São Paulo
726,Leandro Correia,27,Feminino,Rio de Janeiro
727,Alice Barbosa,69,Masculino,Porto Alegre
728,Lucca da Cruz,39,Outro,Curitiba
729,Maitê Oliveira,70,Outro,São Paulo
730,Luiz Gustavo Freitas,32,Feminino,Curitiba
731,Emilly Rezende,58,Feminino,Rio de Janeiro
732,Srta. Emanuella Rezende,36,Outro,Curitiba
733,Isabella Azevedo,43,Outro,Salvador
734,Kamilly Aragão,19,Masculino,Curitiba
735,Bruno Vieira,42,Feminino,Rio de Janeiro
736,Ana Vitória da Cunha,18,Outro,Porto Alegre
737,Sr. Samuel da Costa,22,Outro,São Paulo
738,Ana Júlia Oliveira,64,Masculino,Curitiba
739,Sr. Luiz Henrique Duarte,49,Masculino,Porto Alegre
740,Luiz Henrique Cunha,18,Outro,São Paulo
741,Nathan Pereira,47,Feminino,Porto Alegre
742,Giovanna da Rocha,62,Outro,Porto Alegre
743,Davi Lucas Carvalho,57,Masculino,São Paulo
744,Emanuel da Rocha,64,Outro,Rio de Janeiro
745,Danilo Cavalcanti,67,Feminino,Rio de Janeiro
746,Luiz Fernando Barros,22,Outro,Porto Alegre
747,Yago Farias,29,Feminino,Rio de Janeiro
748,Sophie da Paz,63,Outro,São Paulo
749,João Pedro da Cruz,69,Masculino,São Paulo
750,Dr. Rafael Dias,67,Outro,Porto Alegre
751,Letícia da Luz,65,Masculino,São Paulo
752,Raquel Farias,62,Masculino,Rio de Janeiro
753,Pedro Miguel Barbosa,21,Masculino,São Paulo
754,Isis Nunes,62,Outro,Rio de Janeiro
755,João Vitor Moreira,54,Outro,Rio de Janeiro
756,Gustavo Pinto,27,Masculino,São Paulo
757,Erick Ribeiro,21,Outro,Rio de Janeiro
758,Brenda Azevedo,50,Masculino,Porto Alegre
759,Heitor da Mota,27,Masculino,Salvador
760,Mariana Fogaça,54,Outro,Rio de Janeiro
761,Alícia Silveira,54,Outro,Curitiba
762,Ana Beatriz Pereira,70,Masculino,Salvador
763,Sra. Cecília Sales,47,Masculino,São Paulo
764,Luiz Fernando Castro,68,Masculino,
765,Sr. Juan Gonçalves,68,Outro,São Paulo
766,Leandro Freitas,53,Feminino,Porto Alegre
767,Gustavo Henrique Sales,30,Feminino,Rio de Janeiro
768,Maria Nascimento,29,Masculino,Rio de Janeiro
769,Leonardo Jesus,25,Masculino,Rio de Janeiro
770,Letícia Silveira,59,Masculino,Curitiba
771,Sra. Maria Fernanda Gomes,27,Outro,Porto Alegre
772,Sra. Valentina Oliveira,57,Outro,Porto Alegre
773,Srta. Luana Araújo,51,Outro,Porto Alegre
774,João Gabriel da Paz,64,Masculino,Salvador
775,Julia Nascimento,22,Outro,Curitiba
776,Sra. Julia Castro,61,Outro,Porto Alegre
777,Maria da Conceição,61,Masculino,Salvador
778,Lucas Gabriel Moura,51,Masculino,Porto Alegre
779,Vitor Barros,24,Outro,Salvador
780,Sra. Melissa Cavalcanti,34,Masculino,Porto Alegre
781,Sra. Rebeca da Cruz,68,Feminino,Salvador
782,Sr. Daniel da Mata,57,Masculino,São Paulo
783,Erick Dias,69,Masculino,São Paulo
784,Pedro Miguel Freitas,32,Masculino,São Paulo
785,Maria Cecília Martins,18,Feminino,Rio de Janeiro
786,Matheus Campos,37,Outro,Porto Alegre
787,Dr. Vitor Hugo Fernandes,38,Outro,Porto Alegre
788,Larissa Pires,62,Outro,Rio de Janeiro
789,Srta. Nina Ribeiro,58,Feminino,Rio de Janeiro
790,Davi Lucas Melo,45,Masculino,Rio de Janeiro
791,Dr. Luiz Felipe Carvalho,19,Feminino,Rio de Janeiro
792,Rafaela Souza,26,Feminino,Salvador
793,Samuel das Neves,55,Masculino,São Paulo
794,Dra. Raquel Ramos,62,Feminino,Porto Alegre
795,Ana Beatriz da Mata,60,Outro,
796,Lavínia Alves,31,Outro,Rio de Janeiro
797,Bruna da Rosa,57,Outro,Salvador
798,Dr. Cauã Freitas,48,Outro,Salvador
799,Maria Sophia Silveira,61,Masculino,
800,Eduardo Pinto,50,Feminino,
801,Giovanna Aragão,31,Outro,
802,Kamilly Azevedo,27,Outro,Porto Alegre
803,Dr. Leandro da Rocha,22,Masculino,Salvador
804,Ana Julia da Rocha,68,Outro,Curitiba
805,Miguel da Costa,55,Feminino,Curitiba
806,Thomas Araújo,35,Masculino,
807,Emanuel Rodrigues,64,Masculino,Salvador
808,Davi Luiz Duarte,32,Feminino,Salvador
809,Sr. Luigi Nogueira,30,Masculino,Porto Alegre
810,Srta. Isis Barros,51,Outro,Porto Alegre
811,Milena Teixeira,37,Outro,Salvador
812,Levi da Rocha,45,Masculino,Curitiba
813,Giovanna Araújo,41,Outro,Rio de Janeiro
814,Thiago das Neves,63,Feminino,Salvador
815,Cecília da Mota,19,Outro,Salvador
816,Vitor Gabriel Moraes,67,Masculino,Rio de Janeiro
817,Bárbara da Costa,67,Masculino,Porto Alegre
818,Stella Cardoso,32,Outro,Porto Alegre
819,Leonardo Pinto,58,Feminino,Rio de Janeiro
820,Rodrigo Jesus,61,Outro,Rio de Janeiro
821,Thales Caldeira,44,Outro,
822,Catarina Jesus,58,Masculino,São Paulo
823,Erick Cardoso,65,Outro,Porto Alegre
824,Cauã Souza,40,Masculino,São Paulo
825,Breno Teixeira,61,Outro,São Paulo
826,Raul Alves,57,Masculino,Salvador
827,Maria Clara Duarte,29,Masculino,Salvador
828,Ana Júlia Moreira,67,Outro,São Paulo
829,Isabel Ferreira,65,Outro,Salvador
830,Dra. Maria Julia da Cruz,35,Feminino,Porto Alegre
831,Esther da Rosa,21,Masculino,São Paulo
832,Gabriel da Costa,34,Feminino,São Paulo
833,Laura Ferreira,42,Outro,Salvador
834,Thales da Rosa,40,Masculino,Curitiba
835,Clara Campos,58,Masculino,Curitiba
836,Thomas Lopes,52,Feminino,Curitiba
837,Daniela da Cunha,66,Feminino,São Paulo
838,Juliana Gomes,58,Outro,
839,Letícia da Rosa,36,Feminino,Rio de Janeiro
840,Ana Laura Gonçalves,29,Masculino,Porto Alegre
841,João Vitor Jesus,51,Outro,Curitiba
842,João da Paz,34,Masculino,Porto Alegre
843,Sr. Thales Sales,54,Feminino,Curitiba
844,Ana Júlia Barbosa,40,Outro,Rio de Janeiro
845,Sr. Renan Cavalcanti,60,Outro,São Paulo
846,Maria Correia,44,Feminino,Curitiba
847,Carlos Eduardo da Cruz,31,Outro,Porto Alegre
848,Vitória Campos,59,Feminino,Curitiba
849,Ana Sophia Nunes,52,Masculino,Porto Alegre
850,João Guilherme Vieira,41,Masculino,Porto Alegre
851,Srta. Isadora Viana,20,Feminino,Curitiba
852,Lorenzo Santos,70,Feminino,Porto Alegre
853,Thales Santos,64,Outro,Rio de Janeiro
854,Paulo Cardoso,60,Feminino,Rio de Janeiro
855,Melissa Nascimento,42,Masculino,Rio de Janeiro
856,Levi Cunha,27,Masculino,Rio de Janeiro
857,Murilo Porto,67,Feminino,Curitiba
858,Dra. Melissa Cavalcanti,37,Outro,São Paulo
859,Srta. Cecília Cardoso,39,Feminino,
860,Dr. Lucca Souza,53,Outro,São Paulo
861,Dra. Nina Sales,46,Masculino,Salvador
862,Beatriz Santos,65,Masculino,Rio de Janeiro
863,Noah Novaes,39,Outro,São Paulo
864,Ana Luiza Rocha,41,Feminino,Porto Alegre
865,Enzo Gabriel Moura,31,Masculino,Salvador
866,João Felipe Almeida,34,Feminino,Curitiba
867,Nicole Cavalcanti,54,Masculino,Porto Alegre
868,Dr. Fernando Oliveira,57,Feminino,Salvador
869,Ian Aragão,41,Feminino,Salvador
870,Ana Sophia Monteiro,69,Feminino,Curitiba
871,Vitor Rodrigues,21,Masculino,Curitiba
872,Cecília Cunha,70,Outro,Rio de Janeiro
873,Enzo Teixeira,52,Feminino,
874,Raul Farias,44,Feminino,Rio de Janeiro
875,Helena Fernandes,66,Masculino,Rio de Janeiro
876,Ana Julia Cardoso,63,Masculino,Curitiba
877,Srta. Isabella Caldeira,69,Feminino,Rio de Janeiro
878,Amanda Barbosa,46,Masculino,Rio de Janeiro
879,Luiz Fernando da Cunha,30,Outro,Curitiba
880,Ana Lívia Porto,59,Outro,
881,Sr. João Lucas Almeida,65,Feminino,Salvador
882,Francisco Barros,44,Outro,Salvador
883,Davi Moraes,45,Feminino,São Paulo
884,Isaac Correia,49,Outro,Porto Alegre
885,Eduarda Martins,69,Feminino,Rio de Janeiro
886,Alexandre Barbosa,65,Outro,São Paulo
887,Kaique Oliveira,59,Masculino,Rio de Janeiro
888,Emilly Mendes,19,Masculino,Curitiba
889,Pedro Henrique Fogaça,44,Feminino,Salvador
890,Cecília Novaes,24,Outro,Curitiba
891,Nicole Melo,34,Feminino,São Paulo
892,Sr. Levi Ferreira,58,Outro,Rio de Janeiro
893,Gustavo da Conceição,26,Masculino,Porto Alegre
894,Joaquim Lopes,20,Masculino,Porto Alegre
895,Erick Pereira,52,Masculino,Porto Alegre
896,Maria Alice Gonçalves,58,Masculino,Salvador
897,Matheus Silveira,44,Masculino,
898,Maria Clara Gomes,24,Outro,Rio de Janeiro
899,João Lucas da Paz,62,Feminino,Porto Alegre
900,Dra. Ana Carolina Cardoso,19,Outro,Rio de Janeiro
901,Dra. Maysa Vieira,68,Masculino,Porto Alegre
902,Sr. Felipe Cavalcanti,51,Feminino,Rio de Janeiro
903,Yuri da Cunha,46,Feminino,Rio de Janeiro
904,Sr. Juan das Neves,42,Masculino,Rio de Janeiro
905,Kamilly Moraes,20,Masculino,Curitiba
906,Srta. Nicole Ramos,25,Feminino,Curitiba
907,Emilly da Conceição,55,Outro,Salvador
908,Bryan Porto,32,Masculino,Rio de Janeiro
909,Luana Costa,34,Feminino,Curitiba
910,Pedro Lucas Nunes,64,Feminino,Curitiba
911,Sr. Cauã da Cunha,63,Feminino,Curitiba
912,Julia Santos,33,Feminino,São Paulo
913,Beatriz Rocha,31,Masculino,São Paulo
914,Heloísa Azevedo,66,Outro,Rio de Janeiro
915,Sr. Bruno da Mata,41,Masculino,Porto Alegre
916,Mariana da Rosa,60,Outro,Curitiba
917,Ana Clara Carvalho,31,Outro,Salvador
918,Sra. Elisa Cunha,67,Outro,Curitiba
919,Luiz Miguel Aragão,44,Feminino,São Paulo
920,Isabelly Araújo,45,Masculino,Porto Alegre
921,Leandro Santos,33,Feminino,Salvador
922,Fernanda Nascimento,65,Masculino,Rio de Janeiro
923,Mariana Lima,65,Feminino,Porto Alegre
924,Dra. Isadora Correia,34,Masculino,Curitiba
925,João Pedro Lopes,21,Feminino,Rio de Janeiro
926,Sr. Luiz Fernando Mendes,52,Outro,São Paulo
927,Dra. Maria Rodrigues,43,Masculino,Salvador
928,Davi Luiz Viana,38,Masculino,São Paulo
929,Vitor Gabriel Pinto,48,Outro,São Paulo
930,Julia Viana,44,Outro,Rio de Janeiro
931,Antônio Lopes,21,Masculino,Salvador
932,Alana Farias,28,Feminino,Salvador
933,Srta. Ana Laura Vieira,65,Feminino,Curitiba
934,Vitor Almeida,40,Feminino,Porto Alegre
935,Rebeca Souza,32,Masculino,Salvador
936,Kamilly Melo,64,Feminino,Salvador
937,Dr. Vicente Jesus,50,Masculino,Salvador
938,Srta. Ana Julia Mendes,28,Masculino,Rio de Janeiro
939,Luiz Fernando Moreira,31,Outro,São Paulo
940,Eloah Dias,39,Outro,Salvador
941,Milena Ribeiro,52,Masculino,Salvador
942,Marcela da Mata,26,Masculino,Rio de Janeiro
943,Levi Araújo,59,Outro,Curitiba
944,Emilly Peixoto,50,Outro,Porto Alegre
945,Vitor Hugo Peixoto,19,Feminino,Porto Alegre
946,Vitor Gabriel Rezende,62,Feminino,Porto Alegre
947,Srta. Ana Vitória Lopes,25,Outro,São Paulo
948,Sarah Melo,25,Masculino,Salvador
949,Benício da Conceição,62,Outro,Rio de Janeiro
950,Sr. Davi Lucas da Cunha,44,Masculino,São Paulo
951,Dra. Esther Novaes,52,Masculino,Curitiba
952,Alice da Mata,41,Feminino,São Paulo
953,Vitor Gabriel Ribeiro,48,Outro,Rio de Janeiro
954,Ian Farias,41,Feminino,
955,Renan Sales,46,Masculino,Curitiba
956,Fernanda da Rocha,56,Outro,Porto Alegre
957,Mariane Freitas,67,Masculino,Salvador
958,Emilly Gomes,29,Outro,Salvador
959,Helena Vieira,58,Feminino,Curitiba
960,Ana Laura Pires,27,Feminino,Curitiba
961,Davi Lucas Farias,50,Feminino,Rio de Janeiro
962,Catarina Rocha,68,Masculino,São Paulo
963,Sophia Correia,43,Masculino,São Paulo
964,André Azevedo,46,Feminino,Curitiba
965,Isabella Nunes,69,Feminino,Curitiba
966,Sra. Olivia Costa,30,Outro,Curitiba
967,Larissa da Mata,57,Feminino,Curitiba
968,Ana Carolina Nunes,42,Masculino,Rio de Janeiro
969,Rebeca Cunha,29,Feminino,Salvador
970,Esther Rodrigues,59,Feminino,
971,João Guilherme Novaes,53,Masculino,Curitiba
972,Vitor Cavalcanti,44,Feminino,Salvador
973,João Pedro Lima,29,Masculino,Porto Alegre
974,Davi Lucas Carvalho,24,Outro,Curitiba
975,Sra. Ana Lívia Jesus,59,Masculino,Salvador
976,Renan Campos,46,Masculino,Porto Alegre
977,Rebeca Costela,67,Masculino,São Paulo
978,João Lucas Melo,44,Feminino,Porto Alegre
979,Julia Dias,68,Masculino,Porto Alegre
980,Olivia Almeida,50,Outro,São Paulo
981,Letícia Cardoso,57,Outro,Curitiba
982,Calebe da Cunha,65,Outro,São Paulo
983,Lucas Gabriel da Costa,63,Feminino,Salvador
984,Noah Cavalcanti,49,Outro,Porto Alegre
985,Samuel da Conceição,33,Masculino,Porto Alegre
986,Luigi Souza,50,Feminino,Porto Alegre
987,Rodrigo Ribeiro,30,Outro,São Paulo
988,Valentina Novaes,23,Masculino,Salvador
989,Kaique Ramos,52,Masculino,
990,Luna Nunes,21,Masculino,Rio de Janeiro
991,Brenda Viana,39,Masculino,São Paulo
992,João Guilherme Rodrigues,55,Outro,Porto Alegre
993,João Lucas Melo,62,Feminino,Rio de Janeiro
994,Sr. Enzo Gabriel Porto,34,Feminino,São Paulo
995,Yuri Rocha,64,Outro,Curitiba
996,Vicente Gomes,22,Feminino,Salvador
997,Marcos Vinicius Gomes,53,Feminino,Salvador
998,Guilherme Almeida,70,Feminino,Porto Alegre
999,Miguel Cardoso,30,Masculino,Rio de Janeiro
1000,Breno da Mata,30,Feminino,Salvador
